"No.","Time","Source","Destination","Protocol","Length","Info"
"1","0.000000000","192.168.2.27","40.126.28.23","TCP","66","55528  >  443 [SYN] Seq=0 Win=65535 Len=0 MSS=1460 WS=256 SACK_PERM"
"2","0.017481900","40.126.28.23","192.168.2.27","TCP","66","443  >  55528 [SYN, ACK] Seq=0 Ack=1 Win=65535 Len=0 MSS=1440 WS=256 SACK_PERM"
"3","0.017560000","192.168.2.27","40.126.28.23","TCP","54","55528  >  443 [ACK] Seq=1 Ack=1 Win=262144 Len=0"
"4","0.019935400","192.168.2.27","40.126.28.23","TLSv1.3","533","Client Hello (SNI=login.microsoftonline.com)"
"5","0.039667700","40.126.28.23","192.168.2.27","TLSv1.3","1488","Server Hello, Change Cipher Spec"
"6","0.039667700","40.126.28.23","192.168.2.27","TCP","1488","443  >  55528 [ACK] Seq=1435 Ack=480 Win=4193792 Len=1434 [TCP PDU reassembled in 8]"
"7","0.039667700","40.126.28.23","192.168.2.27","TCP","1488","443  >  55528 [ACK] Seq=2869 Ack=480 Win=4193792 Len=1434 [TCP PDU reassembled in 8]"
"8","0.039667700","40.126.28.23","192.168.2.27","TLSv1.3","71","Application Data"
"9","0.039741400","192.168.2.27","40.126.28.23","TCP","54","55528  >  443 [ACK] Seq=480 Ack=4320 Win=262144 Len=0"
"10","0.048805400","192.168.2.27","40.126.28.23","TLSv1.3","134","Change Cipher Spec, Application Data"
"11","0.048949200","192.168.2.27","40.126.28.23","TLSv1.3","134","Application Data"
"12","0.048978300","192.168.2.27","40.126.28.23","TLSv1.3","494","Application Data"
"13","0.049028200","192.168.2.27","40.126.28.23","TCP","1494","55528  >  443 [ACK] Seq=1080 Ack=4320 Win=262144 Len=1440 [TCP PDU reassembled in 15]"
"14","0.049028200","192.168.2.27","40.126.28.23","TCP","1494","55528  >  443 [ACK] Seq=2520 Ack=4320 Win=262144 Len=1440 [TCP PDU reassembled in 15]"
"15","0.049028200","192.168.2.27","40.126.28.23","TLSv1.3","531","Application Data"
"16","0.049065800","192.168.2.27","40.126.28.23","TLSv1.3","85","Application Data"
"17","0.065661900","40.126.28.23","192.168.2.27","TLSv1.3","157","Application Data"
"18","0.065661900","40.126.28.23","192.168.2.27","TLSv1.3","116","Application Data"
"19","0.065706300","192.168.2.27","40.126.28.23","TCP","54","55528  >  443 [ACK] Seq=4468 Ack=4485 Win=261888 Len=0"
"20","0.066153600","192.168.2.27","40.126.28.23","TLSv1.3","85","Application Data"
"21","0.067078400","40.126.28.23","192.168.2.27","TCP","54","443  >  55528 [ACK] Seq=4320 Ack=1080 Win=4193280 Len=0"
"22","0.067078400","40.126.28.23","192.168.2.27","TCP","54","443  >  55528 [ACK] Seq=4320 Ack=4468 Win=4194304 Len=0"
"23","0.067142100","192.168.2.27","40.126.28.23","TCP","54","[TCP Dup ACK 19#1] 55528  >  443 [ACK] Seq=4499 Ack=4485 Win=261888 Len=0"
"24","0.067150300","192.168.2.27","40.126.28.23","TCP","54","[TCP Dup ACK 19#2] 55528  >  443 [ACK] Seq=4499 Ack=4485 Win=261888 Len=0"
"25","0.082603100","40.126.28.23","192.168.2.27","TLSv1.3","85","Application Data"
"26","0.082734500","192.168.2.27","40.126.28.23","TCP","54","55528  >  443 [ACK] Seq=4499 Ack=4516 Win=261888 Len=0"
"27","0.124742700","40.126.28.23","192.168.2.27","TCP","1488","443  >  55528 [ACK] Seq=4516 Ack=4499 Win=4194304 Len=1434 [TCP PDU reassembled in 28]"
"28","0.124742700","40.126.28.23","192.168.2.27","TLSv1.3","263","Application Data"
"29","0.124880700","192.168.2.27","40.126.28.23","TCP","54","55528  >  443 [ACK] Seq=4499 Ack=6159 Win=262144 Len=0"
"30","0.167966400","192.168.2.27","40.126.28.23","TCP","54","55528  >  443 [RST, ACK] Seq=4499 Ack=6159 Win=0 Len=0"
"31","0.597425000","2001:4958:39c4:4c01:4017:e224:4d19:eaed","2001:4958:733::1","DNS","106","Standard query 0x0ffd AAAA config.teams.microsoft.com"
"32","0.597735000","2001:4958:39c4:4c01:4017:e224:4d19:eaed","2001:4958:733::1","DNS","106","Standard query 0x890b A config.teams.microsoft.com"
"33","0.600331300","2001:4958:39c4:4c01:8220:daff:fe0e:7ab8","2001:4958:39c4:4c01:4017:e224:4d19:eaed","ICMPv6","154","Destination Unreachable (Address unreachable)"
"34","0.600331300","2001:4958:39c4:4c01:8220:daff:fe0e:7ab8","2001:4958:39c4:4c01:4017:e224:4d19:eaed","ICMPv6","154","Destination Unreachable (Address unreachable)"
"35","0.672143700","192.168.2.26","224.0.0.251","MDNS","142","Standard query 0x0000 PTR _hap._tcp.local, ""QU"" question PTR _companion-link._tcp.local, ""QU"" question PTR _rdlink._tcp.local, ""QU"" question PTR _hap._udp.local, ""QU"" question PTR _airplay._tcp.local, ""QU"" question"
"36","0.672143700","fe80::454:4420:a1:ee67","ff02::fb","MDNS","162","Standard query 0x0000 PTR _hap._tcp.local, ""QU"" question PTR _companion-link._tcp.local, ""QU"" question PTR _rdlink._tcp.local, ""QU"" question PTR _hap._udp.local, ""QU"" question PTR _airplay._tcp.local, ""QU"" question"
"37","0.787431900","2001:4958:39c4:4c01:4017:e224:4d19:eaed","2001:4958:732::1","DNS","95","Standard query 0xe337 AAAA wpad.ryerson.ca"
"38","0.787435700","2001:4958:39c4:4c01:4017:e224:4d19:eaed","2001:4958:732::1","DNS","95","Standard query 0x87d2 A wpad.ryerson.ca"
"39","0.789231400","2001:4958:39c4:4c01:8220:daff:fe0e:7ab8","2001:4958:39c4:4c01:4017:e224:4d19:eaed","ICMPv6","143","Destination Unreachable (Address unreachable)"
"40","0.789231400","2001:4958:39c4:4c01:8220:daff:fe0e:7ab8","2001:4958:39c4:4c01:4017:e224:4d19:eaed","ICMPv6","143","Destination Unreachable (Address unreachable)"
"41","0.887767900","2001:4958:39c4:4c01:4017:e224:4d19:eaed","2001:4958:733::1","DNS","91","Standard query 0x8f80 AAAA arc.msn.com"
"42","0.887955600","2001:4958:39c4:4c01:4017:e224:4d19:eaed","2001:4958:733::1","DNS","91","Standard query 0x8835 A arc.msn.com"
"43","0.889346800","2001:4958:39c4:4c01:8220:daff:fe0e:7ab8","2001:4958:39c4:4c01:4017:e224:4d19:eaed","ICMPv6","139","Destination Unreachable (Address unreachable)"
"44","0.890208600","2001:4958:39c4:4c01:8220:daff:fe0e:7ab8","2001:4958:39c4:4c01:4017:e224:4d19:eaed","ICMPv6","139","Destination Unreachable (Address unreachable)"
"45","0.978970400","192.168.2.26","224.0.0.251","MDNS","216","Standard query 0x0000 PTR _hap._tcp.local, ""QM"" question PTR _companion-link._tcp.local, ""QM"" question PTR _airplay._tcp.local, ""QM"" question PTR LG webOS TV 5391._hap._tcp.local PTR Bedroom._companion-link._tcp.local PTR Living Room Tv._airplay._tcp.local PTR Bedroom._airplay._tcp.local"
"46","1.021754600","2001:4958:39c4:4c01:4017:e224:4d19:eaed","2001:4958:732::1","DNS","105","Standard query 0xf39d A fd.api.iris.microsoft.com"
"47","1.021884400","2001:4958:39c4:4c01:4017:e224:4d19:eaed","2001:4958:732::1","DNS","105","Standard query 0x48d9 AAAA fd.api.iris.microsoft.com"
"48","1.046588700","2001:4958:39c4:4c01:8220:daff:fe0e:7ab8","2001:4958:39c4:4c01:4017:e224:4d19:eaed","ICMPv6","153","Destination Unreachable (Address unreachable)"
"49","1.046588700","2001:4958:39c4:4c01:8220:daff:fe0e:7ab8","2001:4958:39c4:4c01:4017:e224:4d19:eaed","ICMPv6","153","Destination Unreachable (Address unreachable)"
"50","1.081604700","fe80::454:4420:a1:ee67","ff02::fb","MDNS","236","Standard query 0x0000 PTR _hap._tcp.local, ""QM"" question PTR _companion-link._tcp.local, ""QM"" question PTR _airplay._tcp.local, ""QM"" question PTR LG webOS TV 5391._hap._tcp.local PTR Bedroom._companion-link._tcp.local PTR Living Room Tv._airplay._tcp.local PTR Bedroom._airplay._tcp.local"
"51","1.598068000","192.168.2.27","192.168.2.1","DNS","86","Standard query 0x890b A config.teams.microsoft.com"
"52","1.598315700","192.168.2.27","192.168.2.1","DNS","86","Standard query 0x0ffd AAAA config.teams.microsoft.com"
"53","1.610240200","192.168.2.1","192.168.2.27","DNS","397","Standard query response 0x890b A config.teams.microsoft.com CNAME config.teams.trafficmanager.net CNAME mira.config.skype.com CNAME svc.ha-teams.office.com CNAME teams-mrc-ww-acdcatm.trafficmanager.net CNAME teams-mrc-ww-perf.tm-4.office.com A 52.123.255.1 A 52.123.251.155 A 52.123.251.150 A 52.123.251.147 A 52.123.251.149 A 52.123.251.134 A 52.123.251.137 A 52.123.251.131"
"54","1.610240200","192.168.2.1","192.168.2.27","DNS","493","Standard query response 0x0ffd AAAA config.teams.microsoft.com CNAME config.teams.trafficmanager.net CNAME mira.config.skype.com CNAME svc.ha-teams.office.com CNAME teams-mrc-ww-acdcatm.trafficmanager.net CNAME teams-mrc-ww-perf.tm-4.office.com AAAA 2603:1063:d:101::365:7ea3 AAAA 2603:1063:d:107::365:7ea3 AAAA 2603:1063:d:108::365:7ea3 AAAA 2603:1063:d:109::365:7ea3 AAAA 2603:1063:d:10c::365:7ea3 AAAA 2603:1063:d:116::365:7ea3 AAAA 2603:1063:d:117::365:7ea3 AAAA 2603:1063:d:123::365:7ea3"
"55","1.615943500","192.168.2.27","52.123.255.1","TCP","66","55529  >  443 [SYN] Seq=0 Win=65535 Len=0 MSS=1460 WS=256 SACK_PERM"
"56","1.699911700","fe80::4786:248f:9cd8:b2d9","fe80::8220:daff:fe0e:7ab9","ICMPv6","86","Neighbor Solicitation for fe80::8220:daff:fe0e:7ab9 from e0:2e:0b:f7:f1:ac"
"57","1.700542700","192.168.2.26","224.0.0.251","MDNS","246","Standard query 0x0000 PTR _hap._tcp.local, ""QM"" question PTR _companion-link._tcp.local, ""QM"" question PTR _rdlink._tcp.local, ""QM"" question PTR _hap._udp.local, ""QM"" question PTR _airplay._tcp.local, ""QM"" question PTR LG webOS TV 5391._hap._tcp.local PTR Bedroom._companion-link._tcp.local PTR Living Room Tv._airplay._tcp.local PTR Bedroom._airplay._tcp.local"
"58","1.700542700","fe80::454:4420:a1:ee67","ff02::fb","MDNS","266","Standard query 0x0000 PTR _hap._tcp.local, ""QM"" question PTR _companion-link._tcp.local, ""QM"" question PTR _rdlink._tcp.local, ""QM"" question PTR _hap._udp.local, ""QM"" question PTR _airplay._tcp.local, ""QM"" question PTR LG webOS TV 5391._hap._tcp.local PTR Bedroom._companion-link._tcp.local PTR Living Room Tv._airplay._tcp.local PTR Bedroom._airplay._tcp.local"
"59","1.718089600","fe80::8220:daff:fe0e:7ab9","fe80::4786:248f:9cd8:b2d9","ICMPv6","78","Neighbor Advertisement fe80::8220:daff:fe0e:7ab9 (rtr, sol)"
"60","1.720714000","52.123.255.1","192.168.2.27","TCP","66","443  >  55529 [SYN, ACK] Seq=0 Ack=1 Win=65535 Len=0 MSS=1452 WS=256 SACK_PERM"
"61","1.720791000","192.168.2.27","52.123.255.1","TCP","54","55529  >  443 [ACK] Seq=1 Ack=1 Win=262144 Len=0"
"62","1.724975300","192.168.2.27","52.123.255.1","TLSv1.3","516","Client Hello (SNI=config.teams.microsoft.com)"
"63","1.731227100","52.123.255.1","192.168.2.27","TLSv1.3","1488","Server Hello, Change Cipher Spec"
"64","1.731227100","52.123.255.1","192.168.2.27","TCP","1488","443  >  55529 [ACK] Seq=1435 Ack=463 Win=65024 Len=1434 [TCP PDU reassembled in 68]"
"65","1.731227100","52.123.255.1","192.168.2.27","TCP","1488","443  >  55529 [ACK] Seq=2869 Ack=463 Win=65024 Len=1434 [TCP PDU reassembled in 68]"
"66","1.731227100","52.123.255.1","192.168.2.27","TCP","1488","443  >  55529 [ACK] Seq=4303 Ack=463 Win=65024 Len=1434 [TCP PDU reassembled in 68]"
"67","1.731227100","52.123.255.1","192.168.2.27","TCP","1488","443  >  55529 [ACK] Seq=5737 Ack=463 Win=65024 Len=1434 [TCP PDU reassembled in 68]"
"68","1.731227100","52.123.255.1","192.168.2.27","TLSv1.3","1086","Application Data"
"69","1.731389000","192.168.2.27","52.123.255.1","TCP","54","55529  >  443 [ACK] Seq=463 Ack=8203 Win=262144 Len=0"
"70","1.748128100","192.168.2.27","52.123.255.1","TLSv1.3","134","Change Cipher Spec, Application Data"
"71","1.748252900","192.168.2.27","52.123.255.1","TLSv1.3","680","Application Data"
"72","1.752480800","52.123.255.1","192.168.2.27","TLSv1.3","529","Application Data"
"73","1.752521300","192.168.2.27","52.123.255.1","TCP","54","55529  >  443 [ACK] Seq=1169 Ack=8678 Win=261632 Len=0"
"74","1.756080800","52.123.255.1","192.168.2.27","TCP","54","443  >  55529 [ACK] Seq=8203 Ack=1169 Win=64256 Len=0"
"75","1.756102500","192.168.2.27","52.123.255.1","TCP","54","[TCP Dup ACK 73#1] 55529  >  443 [ACK] Seq=1169 Ack=8678 Win=261632 Len=0"
"76","1.779516800","52.123.255.1","192.168.2.27","TLSv1.3","1286","Application Data"
"77","1.779516800","52.123.255.1","192.168.2.27","TCP","1488","443  >  55529 [ACK] Seq=9910 Ack=1169 Win=64256 Len=1434 [TCP PDU reassembled in 78]"
"78","1.779516800","52.123.255.1","192.168.2.27","TLSv1.3","1435","Application Data"
"79","1.779516800","52.123.255.1","192.168.2.27","TCP","1488","443  >  55529 [ACK] Seq=12725 Ack=1169 Win=64256 Len=1434 [TCP PDU reassembled in 87]"
"80","1.779516800","52.123.255.1","192.168.2.27","TCP","1488","443  >  55529 [ACK] Seq=14159 Ack=1169 Win=64256 Len=1434 [TCP PDU reassembled in 87]"
"81","1.779516800","52.123.255.1","192.168.2.27","TCP","1488","443  >  55529 [ACK] Seq=15593 Ack=1169 Win=64256 Len=1434 [TCP PDU reassembled in 87]"
"82","1.779516800","52.123.255.1","192.168.2.27","TCP","1488","443  >  55529 [ACK] Seq=17027 Ack=1169 Win=64256 Len=1434 [TCP PDU reassembled in 87]"
"83","1.779516800","52.123.255.1","192.168.2.27","TCP","1488","443  >  55529 [ACK] Seq=18461 Ack=1169 Win=64256 Len=1434 [TCP PDU reassembled in 87]"
"84","1.779516800","52.123.255.1","192.168.2.27","TCP","1488","443  >  55529 [ACK] Seq=19895 Ack=1169 Win=64256 Len=1434 [TCP PDU reassembled in 87]"
"85","1.779516800","52.123.255.1","192.168.2.27","TCP","1488","443  >  55529 [ACK] Seq=21329 Ack=1169 Win=64256 Len=1434 [TCP PDU reassembled in 87]"
"86","1.779516800","52.123.255.1","192.168.2.27","TCP","1488","443  >  55529 [ACK] Seq=22763 Ack=1169 Win=64256 Len=1434 [TCP PDU reassembled in 87]"
"87","1.779516800","52.123.255.1","192.168.2.27","TLSv1.3","1484","Application Data"
"88","1.779516800","52.123.255.1","192.168.2.27","TCP","1488","443  >  55529 [ACK] Seq=25627 Ack=1169 Win=64256 Len=1434 [TCP PDU reassembled in 100]"
"89","1.779516800","52.123.255.1","192.168.2.27","TCP","1488","443  >  55529 [ACK] Seq=27061 Ack=1169 Win=64256 Len=1434 [TCP PDU reassembled in 100]"
"90","1.779516800","52.123.255.1","192.168.2.27","TCP","1488","443  >  55529 [ACK] Seq=28495 Ack=1169 Win=64256 Len=1434 [TCP PDU reassembled in 100]"
"91","1.779516800","52.123.255.1","192.168.2.27","TCP","1488","443  >  55529 [ACK] Seq=29929 Ack=1169 Win=64256 Len=1434 [TCP PDU reassembled in 100]"
"92","1.779634600","192.168.2.27","52.123.255.1","TCP","54","55529  >  443 [ACK] Seq=1169 Ack=31363 Win=262144 Len=0"
"93","1.784349800","52.123.255.1","192.168.2.27","TCP","1488","443  >  55529 [ACK] Seq=31363 Ack=1169 Win=64256 Len=1434 [TCP PDU reassembled in 100]"
"94","1.784349800","52.123.255.1","192.168.2.27","TCP","1488","443  >  55529 [ACK] Seq=32797 Ack=1169 Win=64256 Len=1434 [TCP PDU reassembled in 100]"
"95","1.784349800","52.123.255.1","192.168.2.27","TCP","1488","443  >  55529 [ACK] Seq=34231 Ack=1169 Win=64256 Len=1434 [TCP PDU reassembled in 100]"
"96","1.784349800","52.123.255.1","192.168.2.27","TCP","1488","443  >  55529 [ACK] Seq=35665 Ack=1169 Win=64256 Len=1434 [TCP PDU reassembled in 100]"
"97","1.784349800","52.123.255.1","192.168.2.27","TCP","1488","443  >  55529 [ACK] Seq=37099 Ack=1169 Win=64256 Len=1434 [TCP PDU reassembled in 100]"
"98","1.784349800","52.123.255.1","192.168.2.27","TCP","1488","443  >  55529 [ACK] Seq=38533 Ack=1169 Win=64256 Len=1434 [TCP PDU reassembled in 100]"
"99","1.784349800","52.123.255.1","192.168.2.27","TCP","1488","443  >  55529 [ACK] Seq=39967 Ack=1169 Win=64256 Len=1434 [TCP PDU reassembled in 100]"
"100","1.784349800","52.123.255.1","192.168.2.27","TLSv1.3","1488","Application Data"
"101","1.784349800","52.123.255.1","192.168.2.27","TCP","1488","443  >  55529 [ACK] Seq=42835 Ack=1169 Win=64256 Len=1434 [TCP PDU reassembled in 106]"
"102","1.784349800","52.123.255.1","192.168.2.27","TCP","1488","443  >  55529 [ACK] Seq=44269 Ack=1169 Win=64256 Len=1434 [TCP PDU reassembled in 106]"
"103","1.784349800","52.123.255.1","192.168.2.27","TCP","1488","443  >  55529 [ACK] Seq=45703 Ack=1169 Win=64256 Len=1434 [TCP PDU reassembled in 106]"
"104","1.784349800","52.123.255.1","192.168.2.27","TCP","1488","443  >  55529 [ACK] Seq=47137 Ack=1169 Win=64256 Len=1434 [TCP PDU reassembled in 106]"
"105","1.784349800","52.123.255.1","192.168.2.27","TCP","1488","443  >  55529 [ACK] Seq=48571 Ack=1169 Win=64256 Len=1434 [TCP PDU reassembled in 106]"
"106","1.784349800","52.123.255.1","192.168.2.27","TLSv1.3","843","Application Data"
"107","1.784428600","192.168.2.27","52.123.255.1","TCP","54","55529  >  443 [ACK] Seq=1169 Ack=50794 Win=262144 Len=0"
"108","1.791579200","2001:4958:39c4:4c01:4017:e224:4d19:eaed","2001:4958:733::1","DNS","95","Standard query 0x87d2 A wpad.ryerson.ca"
"109","1.791773000","2001:4958:39c4:4c01:4017:e224:4d19:eaed","2001:4958:733::1","DNS","95","Standard query 0xe337 AAAA wpad.ryerson.ca"
"110","1.794127200","2001:4958:39c4:4c01:8220:daff:fe0e:7ab8","2001:4958:39c4:4c01:4017:e224:4d19:eaed","ICMPv6","143","Destination Unreachable (Address unreachable)"
"111","1.794127200","2001:4958:39c4:4c01:8220:daff:fe0e:7ab8","2001:4958:39c4:4c01:4017:e224:4d19:eaed","ICMPv6","143","Destination Unreachable (Address unreachable)"
"112","1.831636600","192.168.2.27","52.123.255.1","TCP","54","55529  >  443 [RST, ACK] Seq=1169 Ack=50794 Win=0 Len=0"
"113","1.890244500","192.168.2.27","192.168.2.1","DNS","71","Standard query 0x8f80 AAAA arc.msn.com"
"114","1.890594100","192.168.2.27","192.168.2.1","DNS","71","Standard query 0x8835 A arc.msn.com"
"115","1.894352100","192.168.2.1","192.168.2.27","DNS","240","Standard query response 0x8f80 AAAA arc.msn.com CNAME arc.trafficmanager.net CNAME iris-de-prod-azsc-v2-eus2.eastus2.cloudapp.azure.com SOA ns1-06.azure-dns.com"
"116","1.894352100","192.168.2.1","192.168.2.27","DNS","186","Standard query response 0x8835 A arc.msn.com CNAME arc.trafficmanager.net CNAME iris-de-prod-azsc-v2-eus2.eastus2.cloudapp.azure.com A 20.96.153.111"
"117","1.909971800","192.168.2.27","40.126.28.23","TCP","66","55530  >  443 [SYN] Seq=0 Win=65535 Len=0 MSS=1460 WS=256 SACK_PERM"
"118","1.929513200","40.126.28.23","192.168.2.27","TCP","66","443  >  55530 [SYN, ACK] Seq=0 Ack=1 Win=65535 Len=0 MSS=1440 WS=256 SACK_PERM"
"119","1.929601000","192.168.2.27","40.126.28.23","TCP","54","55530  >  443 [ACK] Seq=1 Ack=1 Win=262144 Len=0"
"120","1.932760800","192.168.2.27","40.126.28.23","TLSv1.3","533","Client Hello (SNI=login.microsoftonline.com)"
"121","1.953544800","40.126.28.23","192.168.2.27","TLSv1.3","1488","Server Hello, Change Cipher Spec"
"122","1.953544800","40.126.28.23","192.168.2.27","TCP","1488","443  >  55530 [ACK] Seq=1435 Ack=480 Win=4193792 Len=1434 [TCP PDU reassembled in 126]"
"123","1.953544800","40.126.28.23","192.168.2.27","TCP","1488","443  >  55530 [ACK] Seq=2869 Ack=480 Win=4193792 Len=1434 [TCP PDU reassembled in 126]"
"124","1.953544800","40.126.28.23","192.168.2.27","TCP","1488","443  >  55530 [ACK] Seq=4303 Ack=480 Win=4193792 Len=1434 [TCP PDU reassembled in 126]"
"125","1.953544800","40.126.28.23","192.168.2.27","TCP","1488","443  >  55530 [ACK] Seq=5737 Ack=480 Win=4193792 Len=1434 [TCP PDU reassembled in 126]"
"126","1.953544800","40.126.28.23","192.168.2.27","TLSv1.3","1360","Application Data"
"127","1.953604800","192.168.2.27","40.126.28.23","TCP","54","55530  >  443 [ACK] Seq=480 Ack=8477 Win=262144 Len=0"
"128","1.961312000","192.168.2.27","192.168.2.1","DNS","90","Standard query 0x4de2 AAAA self.events.data.microsoft.com"
"129","1.963425700","192.168.2.1","192.168.2.27","DNS","198","Standard query response 0x4de2 AAAA self.events.data.microsoft.com CNAME self-events-data.trafficmanager.net CNAME onedscolprdcus11.centralus.cloudapp.azure.com"
"130","1.964401100","192.168.2.27","40.126.28.23","TLSv1.3","134","Change Cipher Spec, Application Data"
"131","1.964660300","192.168.2.27","40.126.28.23","TLSv1.3","134","Application Data"
"132","1.964699400","192.168.2.27","40.126.28.23","TLSv1.3","494","Application Data"
"133","1.964758300","192.168.2.27","40.126.28.23","TCP","1494","55530  >  443 [ACK] Seq=1080 Ack=8477 Win=262144 Len=1440 [TCP PDU reassembled in 135]"
"134","1.964758300","192.168.2.27","40.126.28.23","TCP","1494","55530  >  443 [ACK] Seq=2520 Ack=8477 Win=262144 Len=1440 [TCP PDU reassembled in 135]"
"135","1.964758300","192.168.2.27","40.126.28.23","TLSv1.3","97","Application Data"
"136","1.964804200","192.168.2.27","40.126.28.23","TLSv1.3","85","Application Data"
"137","1.964812900","192.168.2.27","104.208.16.89","TCP","66","55531  >  443 [SYN] Seq=0 Win=65535 Len=0 MSS=1460 WS=256 SACK_PERM"
"138","1.982579100","40.126.28.23","192.168.2.27","TLSv1.3","157","Application Data"
"139","1.982579100","40.126.28.23","192.168.2.27","TLSv1.3","116","Application Data"
"140","1.982579100","40.126.28.23","192.168.2.27","TCP","54","443  >  55530 [ACK] Seq=8477 Ack=4034 Win=4194304 Len=0"
"141","1.982661300","192.168.2.27","40.126.28.23","TCP","54","55530  >  443 [ACK] Seq=4034 Ack=8642 Win=261888 Len=0"
"142","1.983333900","192.168.2.27","40.126.28.23","TLSv1.3","85","Application Data"
"143","1.994687500","104.208.16.89","192.168.2.27","TCP","66","443  >  55531 [SYN, ACK] Seq=0 Ack=1 Win=65535 Len=0 MSS=1440 WS=256 SACK_PERM"
"144","1.994819600","192.168.2.27","104.208.16.89","TCP","54","55531  >  443 [ACK] Seq=1 Ack=1 Win=262144 Len=0"
"145","1.997067500","192.168.2.27","104.208.16.89","TLSv1.3","520","Client Hello (SNI=self.events.data.microsoft.com)"
"146","1.999573400","40.126.28.23","192.168.2.27","TLSv1.3","85","Application Data"
"147","1.999676100","192.168.2.27","40.126.28.23","TCP","54","55530  >  443 [ACK] Seq=4065 Ack=8673 Win=261888 Len=0"
"148","2.027891900","2001:4958:39c4:4c01:4017:e224:4d19:eaed","2001:4958:733::1","DNS","105","Standard query 0x48d9 AAAA fd.api.iris.microsoft.com"
"149","2.028060600","2001:4958:39c4:4c01:4017:e224:4d19:eaed","2001:4958:733::1","DNS","105","Standard query 0xf39d A fd.api.iris.microsoft.com"
"150","2.028718000","104.208.16.89","192.168.2.27","TLSv1.3","1488","Server Hello, Change Cipher Spec"
"151","2.028718000","104.208.16.89","192.168.2.27","TCP","1488","443  >  55531 [ACK] Seq=1435 Ack=467 Win=4193792 Len=1434 [TCP PDU reassembled in 155]"
"152","2.028718000","104.208.16.89","192.168.2.27","TCP","1488","443  >  55531 [ACK] Seq=2869 Ack=467 Win=4193792 Len=1434 [TCP PDU reassembled in 155]"
"153","2.028718000","104.208.16.89","192.168.2.27","TCP","1488","443  >  55531 [ACK] Seq=4303 Ack=467 Win=4193792 Len=1434 [TCP PDU reassembled in 155]"
"154","2.028718000","104.208.16.89","192.168.2.27","TCP","1488","443  >  55531 [ACK] Seq=5737 Ack=467 Win=4193792 Len=1434 [TCP PDU reassembled in 155]"
"155","2.028718000","104.208.16.89","192.168.2.27","TLSv1.3","1390","Application Data"
"156","2.028895700","192.168.2.27","104.208.16.89","TCP","54","55531  >  443 [ACK] Seq=467 Ack=8507 Win=262144 Len=0"
"157","2.030609900","2001:4958:39c4:4c01:8220:daff:fe0e:7ab8","2001:4958:39c4:4c01:4017:e224:4d19:eaed","ICMPv6","153","Destination Unreachable (Address unreachable)"
"158","2.030609900","2001:4958:39c4:4c01:8220:daff:fe0e:7ab8","2001:4958:39c4:4c01:4017:e224:4d19:eaed","ICMPv6","153","Destination Unreachable (Address unreachable)"
"159","2.042559900","40.126.28.23","192.168.2.27","TCP","1488","443  >  55530 [ACK] Seq=8673 Ack=4065 Win=4194304 Len=1434 [TCP PDU reassembled in 160]"
"160","2.042559900","40.126.28.23","192.168.2.27","TLSv1.3","264","Application Data"
"161","2.042627800","192.168.2.27","40.126.28.23","TCP","54","55530  >  443 [ACK] Seq=4065 Ack=10317 Win=262144 Len=0"
"162","2.047024400","192.168.2.27","104.208.16.89","TLSv1.3","134","Change Cipher Spec, Application Data"
"163","2.047142800","192.168.2.27","104.208.16.89","TLSv1.3","956","Application Data"
"164","2.072922900","192.168.2.27","40.126.28.23","TCP","54","55530  >  443 [RST, ACK] Seq=4065 Ack=10317 Win=0 Len=0"
"165","2.075516800","104.208.16.89","192.168.2.27","TLSv1.3","157","Application Data"
"166","2.075556300","192.168.2.27","104.208.16.89","TCP","54","55531  >  443 [ACK] Seq=1449 Ack=8610 Win=261888 Len=0"
"167","2.076513600","104.208.16.89","192.168.2.27","TCP","54","443  >  55531 [ACK] Seq=8507 Ack=1449 Win=4194304 Len=0"
"168","2.076513600","104.208.16.89","192.168.2.27","TLSv1.3","499","Application Data"
"169","2.076536300","192.168.2.27","104.208.16.89","TCP","54","[TCP Dup ACK 166#1] 55531  >  443 [ACK] Seq=1449 Ack=8610 Win=261888 Len=0"
"170","2.076563000","192.168.2.27","104.208.16.89","TCP","54","55531  >  443 [ACK] Seq=1449 Ack=9055 Win=261376 Len=0"
"171","2.800114100","192.168.2.27","192.168.2.1","DNS","75","Standard query 0xe337 AAAA wpad.ryerson.ca"
"172","2.800396200","192.168.2.27","192.168.2.1","DNS","75","Standard query 0x87d2 A wpad.ryerson.ca"
"173","2.802399800","192.168.2.1","192.168.2.27","DNS","75","Standard query response 0xe337 No such name AAAA wpad.ryerson.ca"
"174","2.802399800","192.168.2.1","192.168.2.27","DNS","75","Standard query response 0x87d2 No such name A wpad.ryerson.ca"
"175","2.865568200","150.171.22.11","192.168.2.27","TCP","54","443  >  63970 [RST, ACK] Seq=1 Ack=1 Win=0 Len=0"
"176","2.927811500","192.168.2.28","224.0.0.251","MDNS","127","Standard query 0x0000 PTR _companion-link._tcp.local, ""QU"" question PTR _rdlink._tcp.local, ""QU"" question PTR _hap._tcp.local, ""QU"" question PTR _hap._udp.local, ""QU"" question"
"177","3.027861600","192.168.2.27","192.168.2.1","DNS","85","Standard query 0xf39d A fd.api.iris.microsoft.com"
"178","3.028044800","192.168.2.27","192.168.2.1","DNS","85","Standard query 0x48d9 AAAA fd.api.iris.microsoft.com"
"179","3.032828100","fe80::1867:f335:a6dd:39f7","ff02::fb","MDNS","147","Standard query 0x0000 PTR _companion-link._tcp.local, ""QU"" question PTR _rdlink._tcp.local, ""QU"" question PTR _hap._tcp.local, ""QU"" question PTR _hap._udp.local, ""QU"" question"
"180","3.040314400","192.168.2.1","192.168.2.27","DNS","208","Standard query response 0xf39d A fd.api.iris.microsoft.com CNAME fd-api-iris.trafficmanager.net CNAME iris-de-prod-azsc-v2-eus2.eastus2.cloudapp.azure.com A 20.96.153.111"
"181","3.040314400","192.168.2.1","192.168.2.27","DNS","252","Standard query response 0x48d9 AAAA fd.api.iris.microsoft.com CNAME fd-api-iris.trafficmanager.net CNAME iris-de-prod-azsc-v2-eus2.eastus2.cloudapp.azure.com SOA ns1-06.azure-dns.com"
"182","3.043201900","192.168.2.27","20.96.153.111","TCP","66","55532  >  443 [SYN] Seq=0 Win=65535 Len=0 MSS=1460 WS=256 SACK_PERM"
"183","3.043207900","192.168.2.27","20.96.153.111","TCP","66","55533  >  443 [SYN] Seq=0 Win=65535 Len=0 MSS=1460 WS=256 SACK_PERM"
"184","3.068620100","20.96.153.111","192.168.2.27","TCP","66","443  >  55532 [SYN, ACK] Seq=0 Ack=1 Win=65535 Len=0 MSS=1440 WS=256 SACK_PERM"
"185","3.068831500","192.168.2.27","20.96.153.111","TCP","54","55532  >  443 [ACK] Seq=1 Ack=1 Win=262144 Len=0"
"186","3.073471200","20.96.153.111","192.168.2.27","TCP","66","443  >  55533 [SYN, ACK] Seq=0 Ack=1 Win=65535 Len=0 MSS=1440 WS=256 SACK_PERM"
"187","3.073610300","192.168.2.27","20.96.153.111","TCP","54","55533  >  443 [ACK] Seq=1 Ack=1 Win=262144 Len=0"
"188","3.076950600","192.168.2.27","20.96.153.111","TLSv1.2","533","Client Hello (SNI=fd.api.iris.microsoft.com)"
"189","3.077446500","192.168.2.27","20.96.153.111","TLSv1.2","533","Client Hello (SNI=fd.api.iris.microsoft.com)"
"190","3.107681400","20.96.153.111","192.168.2.27","TCP","1488","443  >  55532 [ACK] Seq=1 Ack=480 Win=261888 Len=1434 [TCP PDU reassembled in 195]"
"191","3.107681400","20.96.153.111","192.168.2.27","TCP","1488","443  >  55532 [ACK] Seq=1435 Ack=480 Win=261888 Len=1434 [TCP PDU reassembled in 195]"
"192","3.107681400","20.96.153.111","192.168.2.27","TCP","1488","443  >  55532 [ACK] Seq=2869 Ack=480 Win=261888 Len=1434 [TCP PDU reassembled in 195]"
"193","3.107681400","20.96.153.111","192.168.2.27","TCP","1488","443  >  55532 [ACK] Seq=4303 Ack=480 Win=261888 Len=1434 [TCP PDU reassembled in 195]"
"194","3.107681400","20.96.153.111","192.168.2.27","TCP","1488","443  >  55532 [ACK] Seq=5737 Ack=480 Win=261888 Len=1434 [TCP PDU reassembled in 195]"
"195","3.107681400","20.96.153.111","192.168.2.27","TLSv1.2","1256","Server Hello, Certificate, Certificate Status, Server Key Exchange, Server Hello Done"
"196","3.107847800","192.168.2.27","20.96.153.111","TCP","54","55532  >  443 [ACK] Seq=480 Ack=8373 Win=262144 Len=0"
"197","3.112763500","20.96.153.111","192.168.2.27","TCP","1488","443  >  55533 [ACK] Seq=1 Ack=480 Win=261888 Len=1434 [TCP PDU reassembled in 202]"
"198","3.112763500","20.96.153.111","192.168.2.27","TCP","1488","443  >  55533 [ACK] Seq=1435 Ack=480 Win=261888 Len=1434 [TCP PDU reassembled in 202]"
"199","3.112763500","20.96.153.111","192.168.2.27","TCP","1488","443  >  55533 [ACK] Seq=2869 Ack=480 Win=261888 Len=1434 [TCP PDU reassembled in 202]"
"200","3.112763500","20.96.153.111","192.168.2.27","TCP","1488","443  >  55533 [ACK] Seq=4303 Ack=480 Win=261888 Len=1434 [TCP PDU reassembled in 202]"
"201","3.112763500","20.96.153.111","192.168.2.27","TCP","1488","443  >  55533 [ACK] Seq=5737 Ack=480 Win=261888 Len=1434 [TCP PDU reassembled in 202]"
"202","3.112763500","20.96.153.111","192.168.2.27","TLSv1.2","1256","Server Hello, Certificate, Certificate Status, Server Key Exchange, Server Hello Done"
"203","3.112956000","192.168.2.27","20.96.153.111","TCP","54","55533  >  443 [ACK] Seq=480 Ack=8373 Win=262144 Len=0"
"204","3.126343300","192.168.2.27","20.96.153.111","TLSv1.2","212","Client Key Exchange, Change Cipher Spec, Encrypted Handshake Message"
"205","3.127782900","192.168.2.1","192.168.2.255","UDP","104","9431  >  9431 Len=62"
"206","3.129840900","192.168.2.27","20.96.153.111","TLSv1.2","212","Client Key Exchange, Change Cipher Spec, Encrypted Handshake Message"
"207","3.153382800","20.96.153.111","192.168.2.27","TLSv1.2","105","Change Cipher Spec, Encrypted Handshake Message"
"208","3.153382800","20.96.153.111","192.168.2.27","TLSv1.2","123","Application Data"
"209","3.153509800","192.168.2.27","20.96.153.111","TCP","54","55532  >  443 [ACK] Seq=638 Ack=8493 Win=261888 Len=0"
"210","3.155688300","20.96.153.111","192.168.2.27","TLSv1.2","105","Change Cipher Spec, Encrypted Handshake Message"
"211","3.155688300","20.96.153.111","192.168.2.27","TLSv1.2","123","Application Data"
"212","3.155801300","192.168.2.27","20.96.153.111","TCP","54","55533  >  443 [ACK] Seq=638 Ack=8493 Win=261888 Len=0"
"213","3.158672500","192.168.2.27","20.96.153.111","TLSv1.2","141","Application Data"
"214","3.158786300","192.168.2.27","20.96.153.111","TLSv1.2","141","Application Data"
"215","3.158885600","192.168.2.27","20.96.153.111","TLSv1.2","92","Application Data"
"216","3.158918200","192.168.2.27","20.96.153.111","TLSv1.2","92","Application Data"
"217","3.163703800","192.168.2.27","20.96.153.111","TCP","1494","55532  >  443 [ACK] Seq=763 Ack=8493 Win=261888 Len=1440 [TCP PDU reassembled in 219]"
"218","3.163703800","192.168.2.27","20.96.153.111","TCP","1494","55532  >  443 [ACK] Seq=2203 Ack=8493 Win=261888 Len=1440 [TCP PDU reassembled in 219]"
"219","3.163703800","192.168.2.27","20.96.153.111","TLSv1.2","426","Application Data"
"220","3.163882700","192.168.2.27","20.96.153.111","TCP","1494","55532  >  443 [ACK] Seq=4015 Ack=8493 Win=261888 Len=1440 [TCP PDU reassembled in 222]"
"221","3.163882700","192.168.2.27","20.96.153.111","TCP","1494","55532  >  443 [ACK] Seq=5455 Ack=8493 Win=261888 Len=1440 [TCP PDU reassembled in 222]"
"222","3.163882700","192.168.2.27","20.96.153.111","TLSv1.2","349","Application Data"
"223","3.180739600","20.96.153.111","192.168.2.27","TLSv1.2","92","Application Data"
"224","3.180739600","20.96.153.111","192.168.2.27","TCP","54","443  >  55532 [ACK] Seq=8493 Ack=763 Win=261632 Len=0"
"225","3.180864600","192.168.2.27","20.96.153.111","TCP","54","55532  >  443 [ACK] Seq=7190 Ack=8531 Win=261888 Len=0"
"226","3.184785400","20.96.153.111","192.168.2.27","TLSv1.2","92","Application Data"
"227","3.184905700","192.168.2.27","20.96.153.111","TCP","54","55533  >  443 [ACK] Seq=763 Ack=8531 Win=261888 Len=0"
"228","3.186565300","20.96.153.111","192.168.2.27","TCP","54","443  >  55533 [ACK] Seq=8493 Ack=763 Win=261632 Len=0"
"229","3.186565300","20.96.153.111","192.168.2.27","TCP","54","443  >  55532 [ACK] Seq=8531 Ack=2203 Win=262400 Len=0"
"230","3.186565300","20.96.153.111","192.168.2.27","TCP","54","443  >  55532 [ACK] Seq=8531 Ack=7190 Win=262400 Len=0"
"231","3.186642500","192.168.2.27","20.96.153.111","TCP","54","[TCP Dup ACK 227#1] 55533  >  443 [ACK] Seq=763 Ack=8531 Win=261888 Len=0"
"232","3.204626300","20.96.153.111","192.168.2.27","TLSv1.2","577","Application Data"
"233","3.204626300","20.96.153.111","192.168.2.27","TLSv1.2","92","Application Data"
"234","3.204761900","192.168.2.27","20.96.153.111","TCP","54","55532  >  443 [ACK] Seq=7190 Ack=9092 Win=261376 Len=0"
"235","3.211892900","20.96.153.111","192.168.2.27","TLSv1.2","245","Application Data"
"236","3.211892900","20.96.153.111","192.168.2.27","TLSv1.2","92","Application Data"
"237","3.212016300","192.168.2.27","20.96.153.111","TCP","54","55532  >  443 [ACK] Seq=7190 Ack=9321 Win=261120 Len=0"
"238","3.224175000","192.168.2.27","20.96.153.111","TCP","1494","55532  >  443 [ACK] Seq=7190 Ack=9321 Win=261120 Len=1440 [TCP PDU reassembled in 240]"
"239","3.224175000","192.168.2.27","20.96.153.111","TCP","1494","55532  >  443 [ACK] Seq=8630 Ack=9321 Win=261120 Len=1440 [TCP PDU reassembled in 240]"
"240","3.224175000","192.168.2.27","20.96.153.111","TLSv1.2","351","Application Data"
"241","3.232238800","192.168.2.28","224.0.0.251","MDNS","150","Standard query 0x0000 PTR _companion-link._tcp.local, ""QM"" question PTR _hap._tcp.local, ""QM"" question PTR Bedroom._companion-link._tcp.local PTR LG webOS TV 5391._hap._tcp.local"
"242","3.245688500","20.96.153.111","192.168.2.27","TCP","54","443  >  55532 [ACK] Seq=9321 Ack=10367 Win=262400 Len=0"
"243","3.260827700","20.96.153.111","192.168.2.27","TLSv1.2","245","Application Data"
"244","3.260827700","20.96.153.111","192.168.2.27","TLSv1.2","92","Application Data"
"245","3.260934800","192.168.2.27","20.96.153.111","TCP","54","55532  >  443 [ACK] Seq=10367 Ack=9550 Win=260864 Len=0"
"246","3.271317100","192.168.2.27","20.96.153.111","TCP","1494","55532  >  443 [ACK] Seq=10367 Ack=9550 Win=260864 Len=1440 [TCP PDU reassembled in 248]"
"247","3.271317100","192.168.2.27","20.96.153.111","TCP","1494","55532  >  443 [ACK] Seq=11807 Ack=9550 Win=260864 Len=1440 [TCP PDU reassembled in 248]"
"248","3.271317100","192.168.2.27","20.96.153.111","TLSv1.2","352","Application Data"
"249","3.293816500","20.96.153.111","192.168.2.27","TCP","54","443  >  55532 [ACK] Seq=9550 Ack=13545 Win=262400 Len=0"
"250","3.308381900","20.96.153.111","192.168.2.27","TLSv1.2","245","Application Data"
"251","3.308381900","20.96.153.111","192.168.2.27","TLSv1.2","92","Application Data"
"252","3.308544200","192.168.2.27","20.96.153.111","TCP","54","55532  >  443 [ACK] Seq=13545 Ack=9779 Win=260608 Len=0"
"253","3.333878100","fe80::1867:f335:a6dd:39f7","ff02::fb","MDNS","170","Standard query 0x0000 PTR _companion-link._tcp.local, ""QM"" question PTR _hap._tcp.local, ""QM"" question PTR Bedroom._companion-link._tcp.local PTR LG webOS TV 5391._hap._tcp.local"
"254","3.772544400","72.154.58.113","192.168.2.27","TCP","54","443  >  55512 [ACK] Seq=1 Ack=1 Win=59 Len=0"
"255","3.772667100","192.168.2.27","72.154.58.113","TCP","54","[TCP ACKed unseen segment] 55512  >  443 [ACK] Seq=1 Ack=2 Win=255 Len=0"
"256","3.778336500","13.107.136.10","192.168.2.27","TCP","54","443  >  62303 [ACK] Seq=1 Ack=1 Win=49150 Len=0"
"257","3.778442100","192.168.2.27","13.107.136.10","TCP","54","[TCP ACKed unseen segment] 62303  >  443 [ACK] Seq=1 Ack=2 Win=255 Len=0"
"258","3.947302700","192.168.2.28","224.0.0.251","MDNS","180","Standard query 0x0000 PTR _companion-link._tcp.local, ""QM"" question PTR _rdlink._tcp.local, ""QM"" question PTR _hap._tcp.local, ""QM"" question PTR _hap._udp.local, ""QM"" question PTR Bedroom._companion-link._tcp.local PTR LG webOS TV 5391._hap._tcp.local"
"259","3.947302700","fe80::1867:f335:a6dd:39f7","ff02::fb","MDNS","200","Standard query 0x0000 PTR _companion-link._tcp.local, ""QM"" question PTR _rdlink._tcp.local, ""QM"" question PTR _hap._tcp.local, ""QM"" question PTR _hap._udp.local, ""QM"" question PTR Bedroom._companion-link._tcp.local PTR LG webOS TV 5391._hap._tcp.local"
"260","4.082372200","192.168.2.27","104.208.16.89","TLSv1.3","1082","Application Data"
"261","4.127742000","104.208.16.89","192.168.2.27","TLSv1.3","499","Application Data"
"262","4.127862000","192.168.2.27","104.208.16.89","TCP","54","55531  >  443 [ACK] Seq=2477 Ack=9500 Win=261120 Len=0"
"263","4.837580100","13.107.137.11","192.168.2.27","TCP","54","443  >  63973 [RST, ACK] Seq=1 Ack=1 Win=0 Len=0"
"264","4.993412300","2001:4958:39c4:4c01:4017:e224:4d19:eaed","2001:4958:300:480::b896:9d82","TCP","86","55518  >  80 [SYN] Seq=0 Win=65535 Len=0 MSS=1440 WS=256 SACK_PERM"
"265","4.995551700","2001:4958:39c4:4c01:8220:daff:fe0e:7ab8","2001:4958:39c4:4c01:4017:e224:4d19:eaed","ICMPv6","134","Destination Unreachable (Address unreachable)"
"266","5.500821900","192.168.2.27","224.0.0.251","MDNS","116","Standard query 0x0000 PTR _ni-rt._tcp.local, ""QM"" question PTR _ni-sysapi._tcp.local, ""QM"" question PTR _ni._tcp.local, ""QM"" question PTR _http._tcp.local, ""QM"" question"
"267","5.638153000","13.107.137.11","192.168.2.27","TCP","54","443  >  63971 [RST, ACK] Seq=1 Ack=1 Win=0 Len=0"
"268","5.691561300","192.168.2.27","20.189.173.15","TCP","66","55534  >  443 [SYN] Seq=0 Win=65535 Len=0 MSS=1460 WS=256 SACK_PERM"
"269","5.762285700","20.189.173.15","192.168.2.27","TCP","66","443  >  55534 [SYN, ACK] Seq=0 Ack=1 Win=65535 Len=0 MSS=1440 WS=256 SACK_PERM"
"270","5.762472500","192.168.2.27","20.189.173.15","TCP","54","55534  >  443 [ACK] Seq=1 Ack=1 Win=262144 Len=0"
"271","5.767205500","192.168.2.27","20.189.173.15","TLSv1.3","613","Client Hello (SNI=mobile.events.data.microsoft.com)"
"272","5.837772200","20.189.173.15","192.168.2.27","TLSv1.3","1488","Server Hello, Change Cipher Spec"
"273","5.837772200","20.189.173.15","192.168.2.27","TCP","1488","443  >  55534 [ACK] Seq=1435 Ack=560 Win=4193792 Len=1434 [TCP PDU reassembled in 276]"
"274","5.837772200","20.189.173.15","192.168.2.27","TCP","1488","443  >  55534 [ACK] Seq=2869 Ack=560 Win=4193792 Len=1434 [TCP PDU reassembled in 276]"
"275","5.837772200","20.189.173.15","192.168.2.27","TCP","1488","443  >  55534 [ACK] Seq=4303 Ack=560 Win=4193792 Len=1434 [TCP PDU reassembled in 276]"
"276","5.837772200","20.189.173.15","192.168.2.27","TLSv1.3","573","Application Data"
"277","5.837982900","192.168.2.27","20.189.173.15","TCP","54","55534  >  443 [ACK] Seq=560 Ack=6256 Win=262144 Len=0"
"278","5.841271300","192.168.2.27","20.189.173.15","TLSv1.3","134","Change Cipher Spec, Application Data"
"279","5.841559700","192.168.2.27","20.189.173.15","TLSv1.3","505","Application Data"
"280","5.841620700","192.168.2.27","20.189.173.15","TLSv1.3","866","Application Data"
"281","5.908486000","20.189.173.15","192.168.2.27","TLSv1.3","157","Application Data"
"282","5.908607100","192.168.2.27","20.189.173.15","TCP","54","55534  >  443 [ACK] Seq=1903 Ack=6359 Win=261888 Len=0"
"283","5.909460900","20.189.173.15","192.168.2.27","TCP","54","443  >  55534 [ACK] Seq=6256 Ack=1903 Win=4194304 Len=0"
"284","5.909460900","20.189.173.15","192.168.2.27","TLSv1.3","499","Application Data"
"285","5.909516600","192.168.2.27","20.189.173.15","TCP","54","[TCP Dup ACK 282#1] 55534  >  443 [ACK] Seq=1903 Ack=6359 Win=261888 Len=0"
"286","5.909586800","192.168.2.27","20.189.173.15","TCP","54","55534  >  443 [ACK] Seq=1903 Ack=6804 Win=261376 Len=0"
"287","6.240754300","150.171.22.11","192.168.2.27","TCP","54","443  >  60966 [RST, ACK] Seq=1 Ack=1 Win=0 Len=0"
"288","6.937505700","13.107.137.11","192.168.2.27","TCP","54","443  >  54771 [RST, ACK] Seq=1 Ack=1 Win=0 Len=0"
"289","7.780350100","52.123.128.14","192.168.2.27","TCP","54","443  >  62314 [ACK] Seq=1 Ack=1 Win=16381 Len=0"
"290","7.780524800","192.168.2.27","52.123.128.14","TCP","54","[TCP ACKed unseen segment] 62314  >  443 [ACK] Seq=1 Ack=2 Win=250 Len=0"
"291","7.781299900","52.110.16.32","192.168.2.27","TCP","54","443  >  49838 [ACK] Seq=1 Ack=1 Win=253 Len=0"
"292","7.781423600","192.168.2.27","52.110.16.32","TCP","54","[TCP ACKed unseen segment] 49838  >  443 [ACK] Seq=1 Ack=1048 Win=1019 Len=0"
"293","7.782882600","52.110.16.17","192.168.2.27","TCP","54","443  >  50833 [ACK] Seq=1 Ack=1 Win=253 Len=0"
"294","7.782986700","192.168.2.27","52.110.16.17","TCP","54","[TCP ACKed unseen segment] 50833  >  443 [ACK] Seq=1 Ack=33 Win=1023 Len=0"
"295","7.783455900","52.110.16.32","192.168.2.27","TCP","54","[TCP Previous segment not captured] 443  >  49838 [ACK] Seq=1048 Ack=1 Win=252 Len=0"
"296","7.784309800","52.110.16.17","192.168.2.27","TCP","54","[TCP Previous segment not captured] 443  >  50833 [ACK] Seq=33 Ack=1 Win=252 Len=0"
"297","7.791354700","150.171.110.23","192.168.2.27","TCP","54","443  >  54769 [ACK] Seq=1 Ack=1 Win=133 Len=0"
"298","7.791354700","23.209.72.168","192.168.2.27","TCP","54","443  >  54770 [ACK] Seq=1 Ack=1 Win=501 Len=0"
"299","7.791469700","192.168.2.27","150.171.110.23","TCP","54","[TCP ACKed unseen segment] 54769  >  443 [ACK] Seq=1 Ack=2 Win=253 Len=0"
"300","7.791548400","192.168.2.27","23.209.72.168","TCP","54","[TCP ACKed unseen segment] 54770  >  443 [ACK] Seq=1 Ack=2 Win=511 Len=0"
"301","8.147151800","192.168.2.1","192.168.2.255","UDP","104","9431  >  9431 Len=62"
"302","8.213661300","13.107.136.10","192.168.2.27","TCP","54","443  >  62303 [RST, ACK] Seq=2 Ack=1 Win=0 Len=0"
"303","8.405878900","192.168.2.27","104.208.16.91","TLSv1.2","507","Application Data"
"304","8.406011800","192.168.2.27","104.208.16.91","TCP","1494","62302  >  443 [ACK] Seq=454 Ack=1 Win=1018 Len=1440 [TCP PDU reassembled in 305]"
"305","8.406011800","192.168.2.27","104.208.16.91","TLSv1.2","1308","Application Data"
"306","8.434982000","104.208.16.91","192.168.2.27","TCP","54","443  >  62302 [ACK] Seq=1 Ack=1894 Win=16384 Len=0"
"307","8.439127300","104.208.16.91","192.168.2.27","TLSv1.2","499","Application Data"
"308","8.439241000","192.168.2.27","104.208.16.91","TCP","54","62302  >  443 [ACK] Seq=3148 Ack=446 Win=1024 Len=0"
"309","9.169064300","13.107.137.11","192.168.2.27","TCP","54","443  >  63974 [RST, ACK] Seq=1 Ack=1 Win=0 Len=0"
"310","9.699596700","fe80::4786:248f:9cd8:b2d9","fe80::8220:daff:fe0e:7ab9","ICMPv6","86","Neighbor Solicitation for fe80::8220:daff:fe0e:7ab9 from e0:2e:0b:f7:f1:ac"
"311","9.701150900","fe80::8220:daff:fe0e:7ab9","fe80::4786:248f:9cd8:b2d9","ICMPv6","78","Neighbor Advertisement fe80::8220:daff:fe0e:7ab9 (rtr, sol)"
"312","9.782175600","20.135.6.7","192.168.2.27","TCP","54","443  >  62324 [ACK] Seq=1 Ack=1 Win=2050 Len=0"
"313","9.782175600","20.209.36.235","192.168.2.27","TCP","54","443  >  62344 [ACK] Seq=1 Ack=1 Win=16384 Len=0"
"314","9.782236000","192.168.2.27","20.135.6.7","TCP","54","[TCP ACKed unseen segment] 62324  >  443 [ACK] Seq=1 Ack=2 Win=252 Len=0"
"315","9.782265500","192.168.2.27","20.209.36.235","TCP","54","[TCP ACKed unseen segment] 62344  >  443 [ACK] Seq=1 Ack=422 Win=253 Len=0"
"316","9.806324100","20.209.36.235","192.168.2.27","TCP","54","[TCP Previous segment not captured] 443  >  62344 [ACK] Seq=422 Ack=1 Win=16379 Len=0"
"317","11.000476300","2001:4958:39c4:4c01:4017:e224:4d19:eaed","2001:4958:300:480::b896:9d89","TCP","86","55535  >  80 [SYN] Seq=0 Win=65535 Len=0 MSS=1440 WS=256 SACK_PERM"
"318","11.004000400","2001:4958:39c4:4c01:8220:daff:fe0e:7ab8","2001:4958:39c4:4c01:4017:e224:4d19:eaed","ICMPv6","134","Destination Unreachable (Address unreachable)"
"319","12.009722800","2001:4958:39c4:4c01:4017:e224:4d19:eaed","2001:4958:300:480::b896:9d89","TCP","86","[TCP Retransmission] 55535  >  80 [SYN] Seq=0 Win=65535 Len=0 MSS=1440 WS=256 SACK_PERM"
"320","12.012623200","2001:4958:39c4:4c01:8220:daff:fe0e:7ab8","2001:4958:39c4:4c01:4017:e224:4d19:eaed","ICMPv6","134","Destination Unreachable (Address unreachable)"
"321","12.381772300","192.168.2.27","224.0.0.251","MDNS","644","Standard query response 0x0000 TXT, cache flush PTR _ni-logos._tcp.local PTR ShayaanLaptop._ni-logos._tcp.local SRV, cache flush 0 0 2343 ShayaanLaptop.local PTR, cache flush ShayaanLaptop.local PTR, cache flush ShayaanLaptop.local PTR, cache flush ShayaanLaptop.local PTR, cache flush ShayaanLaptop.local A, cache flush 192.168.2.27 AAAA, cache flush 2001:4958:39c4:4c01:95e9:2450:fb02:89e5 AAAA, cache flush 2001:4958:39c4:4c01:4017:e224:4d19:eaed AAAA, cache flush fe80::4786:248f:9cd8:b2d9 NSEC, cache flush ShayaanLaptop._ni-logos._tcp.local NSEC, cache flush 27.2.168.192.in-addr.arpa NSEC, cache flush 5.E.9.8.2.0.B.F.0.5.4.2.9.E.5.9.1.0.C.4.4.C.9.3.8.5.9.4.1.0.0.2.ip6.arpa NSEC, cache flush D.E.A.E.9.1.D.4.4.2.2.E.7.1.0.4.1.0.C.4.4.C.9.3.8.5.9.4.1.0.0.2.ip6.arpa NSEC, cache flush 9.D.2.B.8.D.C.9.F.8.4.2.6.8.7.4.0.0.0.0.0.0.0.0.0.0.0.0.0.8.E.F.ip6.arpa NSEC, cache flush ShayaanLaptop.local"
"322","13.162909800","192.168.2.1","192.168.2.255","UDP","104","9431  >  9431 Len=62"
"323","13.675283100","192.168.2.1","239.255.255.250","SSDP","357","NOTIFY * HTTP/1.1 "
"324","13.778207400","192.168.2.1","239.255.255.250","SSDP","348","NOTIFY * HTTP/1.1 "
"325","13.778207400","192.168.2.1","239.255.255.250","SSDP","400","NOTIFY * HTTP/1.1 "
"326","13.787734700","100.30.108.34","192.168.2.27","TCP","54","443  >  62385 [ACK] Seq=1 Ack=1 Win=116 Len=0"
"327","13.787734700","104.88.157.12","192.168.2.27","TCP","54","443  >  62390 [ACK] Seq=1 Ack=1 Win=501 Len=0"
"328","13.787734700","104.88.157.12","192.168.2.27","TCP","54","[TCP Previous segment not captured] 443  >  62390 [ACK] Seq=693 Ack=1 Win=501 Len=0"
"329","13.787834700","192.168.2.27","100.30.108.34","TCP","54","[TCP ACKed unseen segment] 62385  >  443 [ACK] Seq=1 Ack=256 Win=254 Len=0"
"330","13.787905000","192.168.2.27","104.88.157.12","TCP","54","[TCP ACKed unseen segment] 62390  >  443 [ACK] Seq=1 Ack=693 Win=250 Len=0"
"331","13.806724000","100.30.108.34","192.168.2.27","TCP","54","[TCP Previous segment not captured] 443  >  62385 [ACK] Seq=256 Ack=1 Win=116 Len=0"
"332","13.881337200","192.168.2.1","239.255.255.250","SSDP","414","NOTIFY * HTTP/1.1 "
"333","13.881337200","192.168.2.1","239.255.255.250","SSDP","412","NOTIFY * HTTP/1.1 "
"334","13.984365700","192.168.2.1","239.255.255.250","SSDP","428","NOTIFY * HTTP/1.1 "
"335","13.984365700","192.168.2.1","239.255.255.250","SSDP","357","NOTIFY * HTTP/1.1 "
"336","14.015181900","2001:4958:39c4:4c01:4017:e224:4d19:eaed","2001:4958:300:480::b896:9d89","TCP","86","[TCP Retransmission] 55535  >  80 [SYN] Seq=0 Win=65535 Len=0 MSS=1440 WS=256 SACK_PERM"
"337","14.017469800","2001:4958:39c4:4c01:8220:daff:fe0e:7ab8","2001:4958:39c4:4c01:4017:e224:4d19:eaed","ICMPv6","134","Destination Unreachable (Address unreachable)"
"338","14.085450600","192.168.2.1","239.255.255.250","SSDP","348","NOTIFY * HTTP/1.1 "
"339","14.085450600","192.168.2.1","239.255.255.250","SSDP","400","NOTIFY * HTTP/1.1 "
"340","14.197770500","192.168.2.1","239.255.255.250","SSDP","414","NOTIFY * HTTP/1.1 "
"341","14.197770500","192.168.2.1","239.255.255.250","SSDP","412","NOTIFY * HTTP/1.1 "
"342","14.291504900","192.168.2.1","239.255.255.250","SSDP","428","NOTIFY * HTTP/1.1 "
"343","14.394314000","192.168.2.1","239.255.255.250","SSDP","357","NOTIFY * HTTP/1.1 "
"344","14.394314000","192.168.2.1","239.255.255.250","SSDP","348","NOTIFY * HTTP/1.1 "
"345","14.496809900","192.168.2.1","239.255.255.250","SSDP","400","NOTIFY * HTTP/1.1 "
"346","14.496809900","192.168.2.1","239.255.255.250","SSDP","357","NOTIFY * HTTP/1.1 "
"347","14.521878100","100.30.108.34","192.168.2.27","TLSv1.2","85","Encrypted Alert"
"348","14.522982000","100.30.108.34","192.168.2.27","TCP","54","443  >  62385 [FIN, ACK] Seq=287 Ack=1 Win=116 Len=0"
"349","14.523030000","192.168.2.27","100.30.108.34","TCP","54","62385  >  443 [ACK] Seq=1 Ack=288 Win=254 Len=0"
"350","14.597739700","192.168.2.1","224.0.0.251","MDNS","119","Standard query 0x0000 PTR _raop._tcp.local, ""QU"" question PTR _airplay._tcp.local, ""QU"" question PTR _googlecast._tcp.local, ""QU"" question"
"351","14.597739700","192.168.2.1","239.255.255.250","SSDP","348","NOTIFY * HTTP/1.1 "
"352","14.597739700","192.168.2.1","239.255.255.250","SSDP","400","NOTIFY * HTTP/1.1 "
"353","15.784739300","98.87.240.121","192.168.2.27","TCP","54","443  >  55517 [ACK] Seq=1 Ack=1 Win=180 Len=0"
"354","15.784874800","192.168.2.27","98.87.240.121","TCP","54","[TCP ACKed unseen segment] 55517  >  443 [ACK] Seq=1 Ack=2 Win=251 Len=0"
"355","16.007161000","192.168.2.27","52.95.171.54","TCP","54","54748  >  80 [FIN, ACK] Seq=1 Ack=1 Win=1020 Len=0"
"356","16.355589800","192.168.2.27","52.95.171.54","TCP","54","[TCP Retransmission] 54748  >  80 [FIN, ACK] Seq=1 Ack=1 Win=1020 Len=0"
"357","16.695225700","fe80::4786:248f:9cd8:b2d9","fe80::8220:daff:fe0e:7ab9","ICMPv6","86","Neighbor Solicitation for fe80::8220:daff:fe0e:7ab9 from e0:2e:0b:f7:f1:ac"
"358","16.697050300","fe80::8220:daff:fe0e:7ab9","fe80::4786:248f:9cd8:b2d9","ICMPv6","78","Neighbor Advertisement fe80::8220:daff:fe0e:7ab9 (rtr, sol)"
"359","16.961526300","192.168.2.27","52.95.171.54","TCP","54","[TCP Retransmission] 54748  >  80 [FIN, ACK] Seq=1 Ack=1 Win=1020 Len=0"
"360","17.177631600","52.123.128.14","192.168.2.27","TCP","54","443  >  62314 [RST, ACK] Seq=2 Ack=1 Win=0 Len=0"
"361","17.791422100","52.96.230.210","192.168.2.27","TCP","54","443  >  62395 [ACK] Seq=1 Ack=1 Win=255 Len=0"
"362","17.791422100","52.96.230.210","192.168.2.27","TCP","54","443  >  62396 [ACK] Seq=1 Ack=1 Win=255 Len=0"
"363","17.791568200","192.168.2.27","52.96.230.210","TCP","54","[TCP ACKed unseen segment] 62395  >  443 [ACK] Seq=1 Ack=2 Win=1024 Len=0"
"364","17.791682300","192.168.2.27","52.96.230.210","TCP","54","[TCP ACKed unseen segment] 62396  >  443 [ACK] Seq=1 Ack=2 Win=1024 Len=0"
"365","17.802668100","172.172.255.217","192.168.2.27","TCP","54","443  >  50832 [ACK] Seq=1 Ack=1 Win=7601 Len=0"
"366","17.802668100","40.126.29.14","192.168.2.27","TCP","54","443  >  54773 [ACK] Seq=1 Ack=1 Win=16384 Len=0"
"367","17.802779700","192.168.2.27","172.172.255.217","TCP","54","[TCP ACKed unseen segment] 50832  >  443 [ACK] Seq=1 Ack=2 Win=251 Len=0"
"368","17.802853300","192.168.2.27","40.126.29.14","TCP","54","[TCP ACKed unseen segment] 54773  >  443 [ACK] Seq=1 Ack=2 Win=255 Len=0"
"369","18.021401200","2001:4958:39c4:4c01:4017:e224:4d19:eaed","2001:4958:300:480::b896:9d89","TCP","86","[TCP Retransmission] 55535  >  80 [SYN] Seq=0 Win=65535 Len=0 MSS=1440 WS=256 SACK_PERM"
"370","18.024555500","2001:4958:39c4:4c01:8220:daff:fe0e:7ab8","2001:4958:39c4:4c01:4017:e224:4d19:eaed","ICMPv6","134","Destination Unreachable (Address unreachable)"
"371","18.175983900","192.168.2.27","52.95.171.54","TCP","54","[TCP Retransmission] 54748  >  80 [FIN, ACK] Seq=1 Ack=1 Win=1020 Len=0"
"372","18.181599500","192.168.2.1","192.168.2.255","UDP","104","9431  >  9431 Len=62"
"373","19.524376000","SagemcomBroa_0e:7a:b9","Intel_f7:f1:ac","ARP","52","Who has 192.168.2.27? Tell 192.168.2.1"
"374","19.524414700","Intel_f7:f1:ac","SagemcomBroa_0e:7a:b9","ARP","42","192.168.2.27 is at e0:2e:0b:f7:f1:ac"
"375","19.791239600","52.179.73.52","192.168.2.27","TCP","54","443  >  55519 [ACK] Seq=1 Ack=1 Win=16384 Len=0"
"376","19.791368500","192.168.2.27","52.179.73.52","TCP","54","[TCP ACKed unseen segment] 55519  >  443 [ACK] Seq=1 Ack=2 Win=254 Len=0"
"377","19.794046400","52.123.251.128","192.168.2.27","TCP","54","443  >  62394 [ACK] Seq=1 Ack=1 Win=255 Len=0"
"378","19.794046400","72.154.58.113","192.168.2.27","TCP","54","443  >  62397 [ACK] Seq=1 Ack=1 Win=61 Len=0"
"379","19.794138700","192.168.2.27","52.123.251.128","TCP","54","[TCP ACKed unseen segment] 62394  >  443 [ACK] Seq=1 Ack=2 Win=255 Len=0"
"380","19.794212400","192.168.2.27","72.154.58.113","TCP","54","[TCP ACKed unseen segment] 62397  >  443 [ACK] Seq=1 Ack=2 Win=255 Len=0"
"381","19.795172900","72.154.58.113","192.168.2.27","TCP","54","443  >  62398 [ACK] Seq=1 Ack=1 Win=60 Len=0"
"382","19.795198100","192.168.2.27","72.154.58.113","TCP","54","[TCP ACKed unseen segment] 62398  >  443 [ACK] Seq=1 Ack=2 Win=255 Len=0"
"383","19.806396200","20.189.173.15","192.168.2.27","TCP","54","443  >  62331 [ACK] Seq=1 Ack=1 Win=16384 Len=0"
"384","19.806472000","192.168.2.27","20.189.173.15","TCP","54","[TCP ACKed unseen segment] 62331  >  443 [ACK] Seq=1 Ack=1001 Win=1020 Len=0"
"385","19.870345900","20.189.173.15","192.168.2.27","TCP","54","[TCP Previous segment not captured] 443  >  62331 [ACK] Seq=1001 Ack=1 Win=16384 Len=0"
"386","20.222141100","2001:4958:39c4:4c01:4017:e224:4d19:eaed","2001:4958:732::1","DNS","104","Standard query 0x6dd3 A ipv6.msftconnecttest.com"
"387","20.222881200","2001:4958:39c4:4c01:4017:e224:4d19:eaed","2001:4958:732::1","DNS","104","Standard query 0x2cba AAAA ipv6.msftconnecttest.com"
"388","20.224636700","2001:4958:39c4:4c01:8220:daff:fe0e:7ab8","2001:4958:39c4:4c01:4017:e224:4d19:eaed","ICMPv6","152","Destination Unreachable (Address unreachable)"
"389","20.225717000","2001:4958:39c4:4c01:8220:daff:fe0e:7ab8","2001:4958:39c4:4c01:4017:e224:4d19:eaed","ICMPv6","152","Destination Unreachable (Address unreachable)"
"390","20.279519300","192.168.2.27","40.126.29.14","TCP","54","54773  >  443 [FIN, ACK] Seq=1 Ack=2 Win=255 Len=0"
"391","20.336244900","2001:4958:39c4:4c01:4017:e224:4d19:eaed","2001:4958:732::1","DNS","97","Standard query 0x93da A ipv6.msftncsi.com"
"392","20.336997300","2001:4958:39c4:4c01:4017:e224:4d19:eaed","2001:4958:732::1","DNS","97","Standard query 0x9671 AAAA ipv6.msftncsi.com"
"393","20.337130100","2001:4958:39c4:4c01:4017:e224:4d19:eaed","2001:4958:732::1","DNS","96","Standard query 0x0ce4 A www.msftncsi.com"
"394","20.337810700","2001:4958:39c4:4c01:4017:e224:4d19:eaed","2001:4958:732::1","DNS","96","Standard query 0xd3d1 AAAA www.msftncsi.com"
"395","20.339956000","2001:4958:39c4:4c01:8220:daff:fe0e:7ab8","2001:4958:39c4:4c01:4017:e224:4d19:eaed","ICMPv6","145","Destination Unreachable (Address unreachable)"
"396","20.339956000","2001:4958:39c4:4c01:8220:daff:fe0e:7ab8","2001:4958:39c4:4c01:4017:e224:4d19:eaed","ICMPv6","145","Destination Unreachable (Address unreachable)"
"397","20.339956000","2001:4958:39c4:4c01:8220:daff:fe0e:7ab8","2001:4958:39c4:4c01:4017:e224:4d19:eaed","ICMPv6","144","Destination Unreachable (Address unreachable)"
"398","20.339956000","2001:4958:39c4:4c01:8220:daff:fe0e:7ab8","2001:4958:39c4:4c01:4017:e224:4d19:eaed","ICMPv6","144","Destination Unreachable (Address unreachable)"
"399","20.361660900","40.126.29.14","192.168.2.27","TCP","54","[TCP Previous segment not captured] 443  >  54773 [FIN, ACK] Seq=2 Ack=2 Win=16384 Len=0"
"400","20.361741600","192.168.2.27","40.126.29.14","TCP","54","54773  >  443 [ACK] Seq=2 Ack=3 Win=255 Len=0"
"401","20.586848100","192.168.2.27","52.95.171.54","TCP","54","[TCP Retransmission] 54748  >  80 [FIN, ACK] Seq=1 Ack=1 Win=1020 Len=0"
"402","20.742372500","fe80::100b:afa4:ac98:830d","ff02::fb","MDNS","174","Standard query 0x0000 PTR _hap._udp.local, ""QU"" question PTR _hap._tcp.local, ""QU"" question PTR _rdlink._tcp.local, ""QU"" question PTR _companion-link._tcp.local, ""QU"" question PTR _airplay._tcp.local, ""QU"" question PTR _raop._tcp.local, ""QU"" question"
"403","20.844451800","192.168.2.11","224.0.0.251","MDNS","154","Standard query 0x0000 PTR _hap._udp.local, ""QU"" question PTR _hap._tcp.local, ""QU"" question PTR _rdlink._tcp.local, ""QU"" question PTR _companion-link._tcp.local, ""QU"" question PTR _airplay._tcp.local, ""QU"" question PTR _raop._tcp.local, ""QU"" question"
"404","20.947144100","192.168.2.11","224.0.0.251","MDNS","150","Standard query 0x0000 PTR _hap._tcp.local, ""QM"" question PTR _companion-link._tcp.local, ""QM"" question PTR LG webOS TV 5391._hap._tcp.local PTR Bedroom._companion-link._tcp.local"
"405","21.059045300","fe80::100b:afa4:ac98:830d","ff02::fb","MDNS","170","Standard query 0x0000 PTR _hap._tcp.local, ""QM"" question PTR _companion-link._tcp.local, ""QM"" question PTR LG webOS TV 5391._hap._tcp.local PTR Bedroom._companion-link._tcp.local"
"406","21.224334300","2001:4958:39c4:4c01:4017:e224:4d19:eaed","2001:4958:733::1","DNS","104","Standard query 0x2cba AAAA ipv6.msftconnecttest.com"
"407","21.224597500","2001:4958:39c4:4c01:4017:e224:4d19:eaed","2001:4958:733::1","DNS","104","Standard query 0x6dd3 A ipv6.msftconnecttest.com"
"408","21.226548500","2001:4958:39c4:4c01:8220:daff:fe0e:7ab8","2001:4958:39c4:4c01:4017:e224:4d19:eaed","ICMPv6","152","Destination Unreachable (Address unreachable)"
"409","21.226548500","2001:4958:39c4:4c01:8220:daff:fe0e:7ab8","2001:4958:39c4:4c01:4017:e224:4d19:eaed","ICMPv6","152","Destination Unreachable (Address unreachable)"
"410","21.344668500","2001:4958:39c4:4c01:4017:e224:4d19:eaed","2001:4958:733::1","DNS","97","Standard query 0x9671 AAAA ipv6.msftncsi.com"
"411","21.344754100","2001:4958:39c4:4c01:4017:e224:4d19:eaed","2001:4958:733::1","DNS","96","Standard query 0xd3d1 AAAA www.msftncsi.com"
"412","21.345002100","2001:4958:39c4:4c01:4017:e224:4d19:eaed","2001:4958:733::1","DNS","96","Standard query 0x0ce4 A www.msftncsi.com"
"413","21.345064700","2001:4958:39c4:4c01:4017:e224:4d19:eaed","2001:4958:733::1","DNS","97","Standard query 0x93da A ipv6.msftncsi.com"
"414","21.356659900","192.168.2.12","224.0.0.251","MDNS","100","Standard query 0x0000 PTR _companion-link._tcp.local, ""QU"" question PTR _rdlink._tcp.local, ""QU"" question"
"415","21.358650900","2001:4958:39c4:4c01:8220:daff:fe0e:7ab8","2001:4958:39c4:4c01:4017:e224:4d19:eaed","ICMPv6","145","Destination Unreachable (Address unreachable)"
"416","21.358650900","2001:4958:39c4:4c01:8220:daff:fe0e:7ab8","2001:4958:39c4:4c01:4017:e224:4d19:eaed","ICMPv6","144","Destination Unreachable (Address unreachable)"
"417","21.358650900","2001:4958:39c4:4c01:8220:daff:fe0e:7ab8","2001:4958:39c4:4c01:4017:e224:4d19:eaed","ICMPv6","144","Destination Unreachable (Address unreachable)"
"418","21.358650900","2001:4958:39c4:4c01:8220:daff:fe0e:7ab8","2001:4958:39c4:4c01:4017:e224:4d19:eaed","ICMPv6","145","Destination Unreachable (Address unreachable)"
"419","21.459239800","fe80::1c8e:bc88:9a74:17ff","ff02::fb","MDNS","120","Standard query 0x0000 PTR _companion-link._tcp.local, ""QU"" question PTR _rdlink._tcp.local, ""QU"" question"
"420","21.665714200","192.168.2.11","224.0.0.251","MDNS","180","Standard query 0x0000 PTR _hap._udp.local, ""QM"" question PTR _hap._tcp.local, ""QM"" question PTR _rdlink._tcp.local, ""QM"" question PTR _companion-link._tcp.local, ""QM"" question PTR LG webOS TV 5391._hap._tcp.local PTR Bedroom._companion-link._tcp.local"
"421","21.692983100","Intel_f7:f1:ac","SagemcomBroa_0e:7a:b9","ARP","42","Who has 192.168.2.1? Tell 192.168.2.27"
"422","21.695980300","SagemcomBroa_0e:7a:b9","Intel_f7:f1:ac","ARP","52","192.168.2.1 is at 80:20:da:0e:7a:b9"
"423","21.766342600","fe80::100b:afa4:ac98:830d","ff02::fb","MDNS","200","Standard query 0x0000 PTR _hap._udp.local, ""QM"" question PTR _hap._tcp.local, ""QM"" question PTR _rdlink._tcp.local, ""QM"" question PTR _companion-link._tcp.local, ""QM"" question PTR LG webOS TV 5391._hap._tcp.local PTR Bedroom._companion-link._tcp.local"
"424","21.792104800","172.67.75.39","192.168.2.27","TCP","54","443  >  55521 [ACK] Seq=1 Ack=1 Win=16 Len=0"
"425","21.792216400","192.168.2.27","172.67.75.39","TCP","54","[TCP ACKed unseen segment] 55521  >  443 [ACK] Seq=1 Ack=2 Win=1024 Len=0"
"426","21.795075100","72.154.58.113","192.168.2.27","TCP","54","443  >  62399 [ACK] Seq=1 Ack=1 Win=60 Len=0"
"427","21.795151800","192.168.2.27","72.154.58.113","TCP","54","[TCP ACKed unseen segment] 62399  >  443 [ACK] Seq=1 Ack=2 Win=250 Len=0"
"428","21.796632800","72.154.58.113","192.168.2.27","TCP","54","443  >  62401 [ACK] Seq=1 Ack=1 Win=60 Len=0"
"429","21.796706400","192.168.2.27","72.154.58.113","TCP","54","[TCP ACKed unseen segment] 62401  >  443 [ACK] Seq=1 Ack=2 Win=251 Len=0"
"430","21.824725200","2001:4958:39c4:4c01:4017:e224:4d19:eaed","2001:4958:732::1","DNS","112","Standard query 0x5622 A geo.prod.do.dsp.mp.microsoft.com"
"431","21.825134100","2001:4958:39c4:4c01:4017:e224:4d19:eaed","2001:4958:732::1","DNS","112","Standard query 0x7d9d AAAA geo.prod.do.dsp.mp.microsoft.com"
"432","21.827116800","2001:4958:39c4:4c01:8220:daff:fe0e:7ab8","2001:4958:39c4:4c01:4017:e224:4d19:eaed","ICMPv6","160","Destination Unreachable (Address unreachable)"
"433","21.827116800","2001:4958:39c4:4c01:8220:daff:fe0e:7ab8","2001:4958:39c4:4c01:4017:e224:4d19:eaed","ICMPv6","160","Destination Unreachable (Address unreachable)"
"434","22.223824200","192.168.2.27","192.168.2.1","DNS","84","Standard query 0x6dd3 A ipv6.msftconnecttest.com"
"435","22.223824300","192.168.2.27","192.168.2.1","DNS","84","Standard query 0x2cba AAAA ipv6.msftconnecttest.com"
"436","22.228535200","192.168.2.1","192.168.2.27","DNS","229","Standard query response 0x6dd3 A ipv6.msftconnecttest.com CNAME ipv6.msftconnecttest.com.edgesuite.net CNAME a1968.i6g1.akamai.net SOA n0i6g1.akamai.net"
"437","22.229603800","192.168.2.1","192.168.2.27","DNS","224","Standard query response 0x2cba AAAA ipv6.msftconnecttest.com CNAME ipv6.msftconnecttest.com.edgesuite.net CNAME a1968.i6g1.akamai.net AAAA 2001:4958:300:480::b896:9d98 AAAA 2001:4958:300:480::b896:9d92"
"438","22.230527100","2001:4958:39c4:4c01:4017:e224:4d19:eaed","2001:4958:300:480::b896:9d98","TCP","86","55536  >  80 [SYN] Seq=0 Win=65535 Len=0 MSS=1440 WS=256 SACK_PERM"
"439","22.232599900","2001:4958:39c4:4c01:8220:daff:fe0e:7ab8","2001:4958:39c4:4c01:4017:e224:4d19:eaed","ICMPv6","134","Destination Unreachable (Address unreachable)"
"440","22.351869700","192.168.2.27","192.168.2.1","DNS","77","Standard query 0x93da A ipv6.msftncsi.com"
"441","22.352127800","192.168.2.27","192.168.2.1","DNS","76","Standard query 0xd3d1 AAAA www.msftncsi.com"
"442","22.352322900","192.168.2.27","192.168.2.1","DNS","77","Standard query 0x9671 AAAA ipv6.msftncsi.com"
"443","22.352505000","192.168.2.27","192.168.2.1","DNS","76","Standard query 0x0ce4 A www.msftncsi.com"
"444","22.380580400","192.168.2.12","224.0.0.251","MDNS","108","Standard query 0x0000 PTR _companion-link._tcp.local, ""QM"" question PTR Bedroom._companion-link._tcp.local"
"445","22.483186400","fe80::1c8e:bc88:9a74:17ff","ff02::fb","MDNS","128","Standard query 0x0000 PTR _companion-link._tcp.local, ""QM"" question PTR Bedroom._companion-link._tcp.local"
"446","22.548710300","192.168.2.1","192.168.2.27","DNS","214","Standard query response 0x93da A ipv6.msftncsi.com CNAME ipv6.msftncsi.com.edgesuite.net CNAME a978.i6g1.akamai.net SOA n0i6g1.akamai.net"
"447","22.548710300","192.168.2.1","192.168.2.27","DNS","198","Standard query response 0x0ce4 A www.msftncsi.com CNAME www.msftncsi.com.edgesuite.net CNAME a1961.g2.akamai.net A 184.150.49.106 A 184.150.49.115 A 184.150.49.155"
"448","22.548710300","192.168.2.1","192.168.2.27","DNS","209","Standard query response 0xd3d1 AAAA www.msftncsi.com CNAME www.msftncsi.com.edgesuite.net CNAME a1961.g2.akamai.net SOA n0g2.akamai.net"
"449","22.548710300","192.168.2.1","192.168.2.27","DNS","209","Standard query response 0x9671 AAAA ipv6.msftncsi.com CNAME ipv6.msftncsi.com.edgesuite.net CNAME a978.i6g1.akamai.net AAAA 2001:4958:300:480::b896:9d89 AAAA 2001:4958:300:480::b896:9d82"
"450","22.550072000","2001:4958:39c4:4c01:4017:e224:4d19:eaed","2001:4958:300:480::b896:9d89","TCP","86","55537  >  80 [SYN] Seq=0 Win=65535 Len=0 MSS=1440 WS=256 SACK_PERM"
"451","22.550095900","192.168.2.27","184.150.49.106","TCP","66","55538  >  80 [SYN] Seq=0 Win=65535 Len=0 MSS=1460 WS=256 SACK_PERM"
"452","22.552143300","2001:4958:39c4:4c01:8220:daff:fe0e:7ab8","2001:4958:39c4:4c01:4017:e224:4d19:eaed","ICMPv6","134","Destination Unreachable (Address unreachable)"
"453","22.560974800","184.150.49.106","192.168.2.27","TCP","66","80  >  55538 [SYN, ACK] Seq=0 Ack=1 Win=64240 Len=0 MSS=1384 SACK_PERM WS=128"
"454","22.561166000","192.168.2.27","184.150.49.106","TCP","54","55538  >  80 [ACK] Seq=1 Ack=1 Win=65280 Len=0"
"455","22.561582500","192.168.2.27","184.150.49.106","HTTP","201","GET /connecttest.txt HTTP/1.1 "
"456","22.572870300","184.150.49.106","192.168.2.27","HTTP","241","HTTP/1.1 200 OK  (text/plain)"
"457","22.573064100","192.168.2.27","184.150.49.106","TCP","54","55538  >  80 [FIN, ACK] Seq=148 Ack=188 Win=65280 Len=0"
"458","22.574016000","184.150.49.106","192.168.2.27","TCP","54","80  >  55538 [FIN, ACK] Seq=188 Ack=148 Win=64384 Len=0"
"459","22.574103000","192.168.2.27","184.150.49.106","TCP","54","55538  >  80 [ACK] Seq=149 Ack=189 Win=65280 Len=0"
"460","22.583932300","184.150.49.106","192.168.2.27","TCP","54","80  >  55538 [ACK] Seq=189 Ack=149 Win=64384 Len=0"
"461","22.820689500","2001:4958:39c4:4c01:4017:e224:4d19:eaed","2001:4958:733::1","DNS","112","Standard query 0x7d9d AAAA geo.prod.do.dsp.mp.microsoft.com"
"462","22.820938200","2001:4958:39c4:4c01:4017:e224:4d19:eaed","2001:4958:733::1","DNS","112","Standard query 0x5622 A geo.prod.do.dsp.mp.microsoft.com"
"463","22.823689600","2001:4958:39c4:4c01:8220:daff:fe0e:7ab8","2001:4958:39c4:4c01:4017:e224:4d19:eaed","ICMPv6","160","Destination Unreachable (Address unreachable)"
"464","22.823689600","2001:4958:39c4:4c01:8220:daff:fe0e:7ab8","2001:4958:39c4:4c01:4017:e224:4d19:eaed","ICMPv6","160","Destination Unreachable (Address unreachable)"
"465","22.934090600","fe80::4786:248f:9cd8:b2d9","ff02::1:ff0e:7ab9","ICMPv6","86","Neighbor Solicitation for fe80::8220:daff:fe0e:7ab9 from e0:2e:0b:f7:f1:ac"
"466","23.041434400","fe80::8220:daff:fe0e:7ab9","fe80::4786:248f:9cd8:b2d9","ICMPv6","86","Neighbor Advertisement fe80::8220:daff:fe0e:7ab9 (rtr, sol, ovr) is at 80:20:da:0e:7a:b9"
"467","23.065535400","Intel_f7:f1:ac","Broadcast","ARP","42","Who has 192.168.2.1? Tell 192.168.2.27"
"468","23.068359200","SagemcomBroa_0e:7a:b9","Intel_f7:f1:ac","ARP","52","192.168.2.1 is at 80:20:da:0e:7a:b9"
"469","23.077997700","2001:4958:39c4:4c01:4017:e224:4d19:eaed","2001:4958:732::1","DNS","96","Standard query 0x9e8b AAAA dns.msftncsi.com"
"470","23.080845700","2001:4958:39c4:4c01:8220:daff:fe0e:7ab8","2001:4958:39c4:4c01:4017:e224:4d19:eaed","ICMPv6","144","Destination Unreachable (Address unreachable)"
"471","23.096347800","192.168.2.1","192.168.2.255","UDP","104","9431  >  9431 Len=62"
"472","23.237491000","2001:4958:39c4:4c01:4017:e224:4d19:eaed","2001:4958:300:480::b896:9d98","TCP","86","[TCP Retransmission] 55536  >  80 [SYN] Seq=0 Win=65535 Len=0 MSS=1440 WS=256 SACK_PERM"
"473","23.240487500","2001:4958:39c4:4c01:8220:daff:fe0e:7ab8","2001:4958:39c4:4c01:4017:e224:4d19:eaed","ICMPv6","134","Destination Unreachable (Address unreachable)"
"474","23.556012000","2001:4958:39c4:4c01:4017:e224:4d19:eaed","2001:4958:300:480::b896:9d89","TCP","86","[TCP Retransmission] 55537  >  80 [SYN] Seq=0 Win=65535 Len=0 MSS=1440 WS=256 SACK_PERM"
"475","23.557848300","2001:4958:39c4:4c01:8220:daff:fe0e:7ab8","2001:4958:39c4:4c01:4017:e224:4d19:eaed","ICMPv6","134","Destination Unreachable (Address unreachable)"
"476","23.791065500","72.154.58.113","192.168.2.27","TCP","54","443  >  55525 [ACK] Seq=1 Ack=1 Win=60 Len=0"
"477","23.791170300","192.168.2.27","72.154.58.113","TCP","54","[TCP ACKed unseen segment] 55525  >  443 [ACK] Seq=1 Ack=2 Win=250 Len=0"
"478","23.796456400","72.154.58.113","192.168.2.27","TCP","54","443  >  62402 [ACK] Seq=1 Ack=1 Win=60 Len=0"
"479","23.796456400","40.126.29.14","192.168.2.27","TCP","54","443  >  54750 [ACK] Seq=1 Ack=1 Win=16384 Len=0"
"480","23.796554100","192.168.2.27","72.154.58.113","TCP","54","[TCP ACKed unseen segment] 62402  >  443 [ACK] Seq=1 Ack=2 Win=252 Len=0"
"481","23.796627700","192.168.2.27","40.126.29.14","TCP","54","[TCP ACKed unseen segment] 54750  >  443 [ACK] Seq=1 Ack=2 Win=255 Len=0"
"482","23.834020400","192.168.2.27","192.168.2.1","DNS","92","Standard query 0x5622 A geo.prod.do.dsp.mp.microsoft.com"
"483","23.834089500","192.168.2.27","192.168.2.1","DNS","92","Standard query 0x7d9d AAAA geo.prod.do.dsp.mp.microsoft.com"
"484","23.839366800","192.168.2.1","192.168.2.27","DNS","236","Standard query response 0x7d9d AAAA geo.prod.do.dsp.mp.microsoft.com CNAME geo.prod.do.dsp.trafficmanager.net CNAME array504.prod.do.dsp.mp.microsoft.com SOA ns1-06.azure-dns.com"
"485","23.839366800","192.168.2.1","192.168.2.27","DNS","179","Standard query response 0x5622 A geo.prod.do.dsp.mp.microsoft.com CNAME geo.prod.do.dsp.trafficmanager.net CNAME array504.prod.do.dsp.mp.microsoft.com A 72.153.5.61"
"486","23.850252100","192.168.2.27","72.153.5.61","TCP","66","55539  >  443 [SYN] Seq=0 Win=65535 Len=0 MSS=1460 WS=256 SACK_PERM"
"487","23.874410400","72.153.5.61","192.168.2.27","TCP","66","443  >  55539 [SYN, ACK] Seq=0 Ack=1 Win=65535 Len=0 MSS=1440 WS=256 SACK_PERM"
"488","23.874593000","192.168.2.27","72.153.5.61","TCP","54","55539  >  443 [ACK] Seq=1 Ack=1 Win=65280 Len=0"
"489","23.878778100","192.168.2.27","72.153.5.61","TLSv1.2","269","Client Hello (SNI=geo.prod.do.dsp.mp.microsoft.com)"
"490","23.900549000","192.168.2.27","52.179.73.52","TLSv1.2","248","Application Data"
"491","23.904188600","72.153.5.61","192.168.2.27","TCP","1488","443  >  55539 [ACK] Seq=1 Ack=216 Win=4194048 Len=1434 [TCP PDU reassembled in 492]"
"492","23.904188600","72.153.5.61","192.168.2.27","TLSv1.2","1053","Server Hello, Certificate, Server Key Exchange, Server Hello Done"
"493","23.904334700","192.168.2.27","72.153.5.61","TCP","54","55539  >  443 [ACK] Seq=216 Ack=2434 Win=65280 Len=0"
"494","23.920198600","52.179.73.52","192.168.2.27","TLSv1.2","101","[TCP Previous segment not captured] , Application Data"
"495","23.921861500","192.168.2.27","52.179.73.52","TCP","1494","55519  >  443 [ACK] Seq=195 Ack=49 Win=253 Len=1440 [TCP PDU reassembled in 496]"
"496","23.921861500","192.168.2.27","52.179.73.52","TLSv1.2","681","Application Data"
"497","23.921979100","192.168.2.27","72.153.5.61","TLSv1.2","212","Client Key Exchange, Change Cipher Spec, Encrypted Handshake Message"
"498","23.943780000","52.179.73.52","192.168.2.27","TCP","54","443  >  55519 [ACK] Seq=49 Ack=2262 Win=16384 Len=0"
"499","23.948198700","72.153.5.61","192.168.2.27","TLSv1.2","105","Change Cipher Spec, Encrypted Handshake Message"
"500","23.948198700","72.153.5.61","192.168.2.27","TLSv1.2","123","Application Data"
"501","23.948292600","192.168.2.27","72.153.5.61","TCP","54","55539  >  443 [ACK] Seq=374 Ack=2554 Win=65280 Len=0"
"502","23.990461000","192.168.2.27","72.153.5.61","TLSv1.2","141","Application Data"
"503","23.990685800","192.168.2.27","72.153.5.61","TLSv1.2","228","Application Data"
"504","23.991098500","192.168.2.27","72.153.5.61","TLSv1.2","92","Application Data"
"505","24.011329400","52.179.73.52","192.168.2.27","TLSv1.2","386","Application Data"
"506","24.011329400","52.179.73.52","192.168.2.27","TLSv1.2","81","Application Data"
"507","24.011364000","192.168.2.27","52.179.73.52","TCP","54","55519  >  443 [ACK] Seq=2262 Ack=408 Win=252 Len=0"
"508","24.014289800","72.153.5.61","192.168.2.27","TLSv1.2","92","Application Data"
"509","24.015270200","72.153.5.61","192.168.2.27","TCP","54","443  >  55539 [ACK] Seq=2554 Ack=635 Win=4193792 Len=0"
"510","24.015353800","192.168.2.27","72.153.5.61","TCP","54","55539  >  443 [ACK] Seq=673 Ack=2592 Win=65280 Len=0"
"511","24.039308900","72.153.5.61","192.168.2.27","TLSv1.2","650","Application Data"
"512","24.039394600","192.168.2.27","72.153.5.61","TCP","54","55539  >  443 [ACK] Seq=673 Ack=3188 Win=64768 Len=0"
"513","24.041841200","192.168.2.27","72.153.5.61","TCP","54","55539  >  443 [FIN, ACK] Seq=673 Ack=3188 Win=64768 Len=0"
"514","24.057233400","192.168.2.27","192.168.2.1","DNS","94","Standard query 0x98e7 A kv501.prod.do.dsp.mp.microsoft.com"
"515","24.057376100","192.168.2.27","192.168.2.1","DNS","94","Standard query 0x631b AAAA kv501.prod.do.dsp.mp.microsoft.com"
"516","24.061471300","192.168.2.1","192.168.2.27","DNS","204","Standard query response 0x98e7 A kv501.prod.do.dsp.mp.microsoft.com CNAME kv501.prod.do.dsp.mp.microsoft.com.edgekey.net CNAME e10370.d.akamaiedge.net A 23.221.241.219"
"517","24.061471300","192.168.2.1","192.168.2.27","DNS","246","Standard query response 0x631b AAAA kv501.prod.do.dsp.mp.microsoft.com CNAME kv501.prod.do.dsp.mp.microsoft.com.edgekey.net CNAME e10370.d.akamaiedge.net SOA n0d.akamaiedge.net"
"518","24.062416200","192.168.2.27","23.221.241.219","TCP","66","55540  >  443 [SYN] Seq=0 Win=65535 Len=0 MSS=1460 WS=256 SACK_PERM"
"519","24.067863100","72.153.5.61","192.168.2.27","TCP","54","443  >  55539 [FIN, ACK] Seq=3188 Ack=674 Win=4193536 Len=0"
"520","24.067945100","192.168.2.27","72.153.5.61","TCP","54","55539  >  443 [ACK] Seq=674 Ack=3189 Win=64768 Len=0"
"521","24.078548900","2001:4958:39c4:4c01:4017:e224:4d19:eaed","2001:4958:733::1","DNS","96","Standard query 0x9e8b AAAA dns.msftncsi.com"
"522","24.080684200","2001:4958:39c4:4c01:8220:daff:fe0e:7ab8","2001:4958:39c4:4c01:4017:e224:4d19:eaed","ICMPv6","144","Destination Unreachable (Address unreachable)"
"523","24.109481500","23.221.241.219","192.168.2.27","TCP","66","443  >  55540 [SYN, ACK] Seq=0 Ack=1 Win=64240 Len=0 MSS=1452 SACK_PERM WS=128"
"524","24.109649000","192.168.2.27","23.221.241.219","TCP","54","55540  >  443 [ACK] Seq=1 Ack=1 Win=65280 Len=0"
"525","24.111723200","192.168.2.27","23.221.241.219","TLSv1.2","271","Client Hello (SNI=kv501.prod.do.dsp.mp.microsoft.com)"
"526","24.158511900","23.221.241.219","192.168.2.27","TCP","54","443  >  55540 [ACK] Seq=1 Ack=218 Win=64128 Len=0"
"527","24.159581500","23.221.241.219","192.168.2.27","TLSv1.2","1488","Server Hello"
"528","24.159581500","23.221.241.219","192.168.2.27","TCP","1488","443  >  55540 [PSH, ACK] Seq=1435 Ack=218 Win=64128 Len=1434 [TCP PDU reassembled in 532]"
"529","24.159581500","23.221.241.219","192.168.2.27","TCP","1282","443  >  55540 [PSH, ACK] Seq=2869 Ack=218 Win=64128 Len=1228 [TCP PDU reassembled in 532]"
"530","24.159581500","23.221.241.219","192.168.2.27","TCP","1488","443  >  55540 [ACK] Seq=4097 Ack=218 Win=64128 Len=1434 [TCP PDU reassembled in 532]"
"531","24.159751800","192.168.2.27","23.221.241.219","TCP","54","55540  >  443 [ACK] Seq=218 Ack=5531 Win=65280 Len=0"
"532","24.207361100","23.221.241.219","192.168.2.27","TLSv1.2","1488","Certificate"
